{"cameraMode":{"drawMode":0,"name":"Shaded","section":"Shading Mode"},"sceneLighting":true,"audioPlay":false,"sceneViewState":{"m_AlwaysRefresh":false,"showFog":true,"showSkybox":true,"showFlares":true,"showImageEffects":true,"showParticleSystems":true,"showVisualEffectGraphs":true,"m_FxEnabled":true},"in2DMode":false,"pivot":{"x":-3.880000114440918,"y":-0.4400000274181366,"z":61.400001525878909},"rotation":{"x":0.13285359740257264,"y":-0.22392325103282929,"z":0.030827505514025689,"w":0.9650202393531799},"size":1.810883641242981,"orthographic":false}